,mean,cvar,min,max,Q_0,mean_test,max_test,cvar_test
0,0.43067503767884563,2.010573067001124,-0.0028800590081701385,3.7658105209479147,[2.1985506e-05],0.43151766850717366,3.834480530041901,2.0438782999807055
1,0.43113692617968985,1.990290856329674,-0.004199922948737346,3.727831729275587,[1.5665379],0.43206664841778103,3.7974659542572677,2.023378286040639
2,0.4335983674735392,1.8819577551679172,-0.014501083120268411,3.5255456088472634,[2.331018],0.4350093137722868,3.600367852968939,1.9138906193921847
3,0.4360791794692125,1.772813595663473,-0.023781023286415633,3.321138993453939,[3.0133917],0.4379436745593069,3.4006665003845384,1.8034995614885814
4,0.43852798868516096,1.6650586113682428,-0.032127204388194386,3.118851498481643,[2.669359],0.4408285759312105,3.202575061560422,1.6944422393328393
5,0.4412913682472193,1.543444873182726,-0.04113948863521249,2.8906787753127428,[2.6333702],0.444075906624386,2.9787285663739125,1.5713638208410088
6,0.4440293364115737,1.423436075440084,-0.04944527358930236,2.664316502463622,[2.3681397],0.4472813799439449,2.7560800800634064,1.4493070375315826
7,0.4466899249755971,1.3155815133634081,-0.05684794261278536,2.4441613761417624,[2.1342015],0.4503834778356641,2.5390328682550916,1.3384829680915362
8,0.4490016436657352,1.2424174663806757,-0.06275215262749619,2.252462169036004,[1.9900076],0.45307012386402495,2.3497660590635956,1.2577745215434544
9,0.4506813012894781,1.201880643148595,-0.06722475719892626,2.112746770656467,[1.77399],0.45502704059736165,2.212073588721775,1.214004675685172
10,0.45240014954831065,1.1770429900879338,-0.07095552407409816,1.9701669626985594,[1.859468],0.4570110110222698,2.07075131228555,1.1856230283727707
11,0.45403823809160065,1.169686605608636,-0.07427166953517238,1.8816649875351845,[1.6977947],0.4588970043979782,1.935777282627818,1.1725452086942028
12,0.4551362746588714,1.173917313132994,-0.07662529650103285,1.9693852205166624,[1.6070429],0.46016426956631845,1.8531026101003658,1.1736615588570645
13,0.45561988414539245,1.1778289411624467,-0.07863940933620342,2.007081821444287,[1.6192471],0.46074090845002263,1.8884722675551011,1.1771025746710797
14,0.4555952863361048,1.1770299188664373,-0.0801994785041357,2.003488269214861,[1.6937011],0.4607466232233358,1.8850064294257804,1.1764938111388654
15,0.4558530708857136,1.1791221799791223,-0.08197453566572194,2.0228333537035046,[1.6599925],0.46107063406839266,1.9030977741235726,1.178688220470694
16,0.45627866252296445,1.1834428610743029,-0.08379227157915284,2.0558432991478464,[1.7220976],0.4615810421796701,1.9340321890625314,1.1834033217997304
17,0.45583216957446143,1.1776967510738097,-0.08524328589240182,2.0178031131873144,[1.6676741],0.4611168371524776,1.8981700522531226,1.1776913840868266
18,0.45643613883745493,1.184417278346407,-0.08706787553609813,2.0653456506078594,[1.740804],0.461826028008627,1.9427535381648142,1.184880596573768
19,0.4555077499239102,1.1732614094650808,-0.08834265955909655,1.9878879482897642,[1.6257298],0.46082364118456315,1.8698513677201871,1.1736792578036237
20,0.45516099278971434,1.169386195568288,-0.08989193041677401,1.9577361660845833,[1.7154166],0.46047272299607744,1.8463730063701242,1.1707665499838482
21,0.455860738856397,1.175456673191934,-0.09218078940669114,2.013005797358044,[1.6663135],0.46129706750931104,1.8932074414734594,1.1763365923605078
22,0.45568486189813,1.1730653258805641,-0.09409899821266643,1.9968369209984198,[1.6887887],0.46114253169756886,1.877874305296808,1.174091556271203
23,0.4554980539368371,1.170646011979845,-0.09565995646738429,1.9797722358579775,[1.6838906],0.4609692010103252,1.861733898011373,1.171966646074782
24,0.4555124625077795,1.1701207109644636,-0.09788657224705048,1.979011425246753,[1.648701],0.4610319919065446,1.8608538032227537,1.1717066567393155
25,0.4548080766114099,1.1636544914170028,-0.10023818776287478,1.9194367658781981,[1.6580362],0.4603001114748223,1.879211680623727,1.1676125458150404
26,0.45539643602335766,1.16763414142502,-0.10399632520371292,1.9653717263926194,[1.6713859],0.4610285268969907,1.8475423549607095,1.1701070427461955
27,0.45504385349635723,1.1637380698502886,-0.10694461250388618,1.9343757943442317,[1.6816801],0.46069855029327234,1.863183832943279,1.1679638385216176
28,0.4550327940739252,1.1629423927742686,-0.11011985688482392,1.9313450789411404,[1.7155263],0.4607513558881423,1.8657658360014735,1.1677003973399516
29,0.45462079464200167,1.160170242715451,-0.11299292313640158,1.8954652314660692,[1.6739719],0.4603542696101466,1.901414292244375,1.1665278577053644
30,0.4553112889974339,1.1639135888409549,-0.11608397249515978,1.9497412393727542,[1.7196685],0.46118337145291466,1.8453278336248158,1.16830515298322
31,0.45569034468499636,1.1668727183378695,-0.11889432428938534,1.9786953349900427,[1.7223572],0.46166187523626695,1.8587208073439672,1.1708040364603187
32,0.4551928815503286,1.1613096188254408,-0.12176733977986481,1.9357101159600243,[1.679546],0.461169985598345,1.8577226932628,1.1672507214749486
33,0.4550611396737311,1.1595411644423246,-0.12493663267100323,1.9226626958903188,[1.6443906],0.4610893530913223,1.8702323031821697,1.1665718310000703
34,0.45556179234616095,1.1633231337053016,-0.12805362356635072,1.9613189144423033,[1.6673391],0.46170853489126745,1.8415366630300702,1.1686960598083496
35,0.45497870393109,1.1577830597110461,-0.13106625122154295,1.911210262830465,[1.6457789],0.4611253058468071,1.8797860836847875,1.1659882533723174
36,0.45529949324390556,1.1593420786966342,-0.1344960456261754,1.9350624805580523,[1.6449654],0.46155125545627906,1.8547223996599835,1.1668844434636811
37,0.45536541517441753,1.159253602549171,-0.13796146350996158,1.93804221108269,[1.651573],0.46169562744626524,1.8509249704683595,1.1669784823002969
38,0.4551586579453598,1.1567876764953444,-0.14149468567220352,1.9185023664248118,[1.6376652],0.461539640566603,1.8697813269945969,1.1660295557789488
39,0.4556355767773451,1.1605717557648194,-0.14468010839226297,1.955160369171117,[1.6604239],0.46213414480849474,1.8339812081699465,1.1681712742039865
40,0.4557141280784357,1.1606658088670636,-0.1482686405957524,1.958911969836859,[1.6461886],0.4622950698568716,1.8384296584748892,1.1684924753788992
41,0.45544754749553823,1.1570935583854718,-0.1519466958374529,1.9341395255031293,[1.6389368],0.4620765401641449,1.8502099858931453,1.1664700102063141
42,0.45471122795047847,1.1521179222806228,-0.15566308770484705,1.8706558998112415,[1.5965049],0.4613394799191056,1.9129178033925704,1.164504543676559
43,0.454971872648851,1.1520901378629869,-0.15912743062060408,1.8888283631166554,[1.6241701],0.4617015275061966,1.8922489544693875,1.1645130514611577
44,0.4552239545310471,1.1526102120270147,-0.16234731760870455,1.9061107471176533,[1.6464577],0.4620500446743474,1.8718714713590898,1.164572213269464
45,0.45430888476280934,1.1485181414284462,-0.16447708220889215,1.8273145571899299,[1.6705874],0.46108755697655907,1.9472608853765785,1.1633650209045283
46,0.45428312283531086,1.1473825023873585,-0.16573040614500617,1.8216874349074503,[1.6587881],0.46109240020437386,1.947850338334144,1.1626028739172265
47,0.4543959823338333,1.1463384250833988,-0.16637147580659895,1.8275554363627258,[1.6841674],0.46123894393462533,1.9363520434335633,1.1614853818585742
48,0.45433814181755977,1.145071510055014,-0.16691295088484032,1.8191743236351228,[1.6748416],0.4611953908108806,1.9387710815430055,1.1605592114066916
49,0.45406907396777807,1.1437587148541886,-0.16756875259046913,1.7933817549025433,[1.6742561],0.4609203534738255,1.9588451589831504,1.1602562457828258
50,0.45455181137953193,1.1429234711617484,-0.1671766126037074,1.8297351474552617,[1.6684973],0.46145679946055007,1.915574069878421,1.1582549146735062
51,0.45451983835681325,1.1416124482119316,-0.1672663290538874,1.823660411442853,[1.6680543],0.4614357233452992,1.915324042283336,1.1572035386687383
52,0.4544553223892635,1.1401313221235394,-0.16750682839182712,1.814472900662536,[1.6847622],0.4613826948571299,1.9177128623804975,1.1560877564940994
53,0.4546914963468281,1.1393265483764592,-0.16727109155421996,1.8301712917331958,[1.6786371],0.4616520161453024,1.8947415387930624,1.1547981599766977
54,0.45418907178888684,1.1370310653367746,-0.16866878272460475,1.7841342244956016,[1.659538],0.46113535932604577,1.9342037222194932,1.154140231106294
55,0.4543853000882548,1.1357792528070696,-0.16946910967790957,1.7959778885182456,[1.6359206],0.4613796882621288,1.915262345336423,1.152680837233033
56,0.45455256410736944,1.1346542904393528,-0.16954189539070944,1.8057527683175085,[1.6466697],0.46157913566154357,1.8981083388198459,1.1513517683698156
57,0.4544834574820115,1.1330311405652096,-0.17066885260600867,1.7953472433021829,[1.6650662],0.461537136149478,1.9012998605513358,1.1502284258179105
58,0.4543597382663225,1.1313880572676391,-0.17083875836854026,1.7808383663276544,[1.6553066],0.4614168603164297,1.9082264793506971,1.1490341196005653
59,0.45445440328494646,1.1299932910418005,-0.17100918730994702,1.7841060709083836,[1.6184891],0.46153803178954594,1.8967973308599406,1.1476283916496146
60,0.4547039914902877,1.1293011482301132,-0.17161551017519341,1.8000599570329567,[1.6573136],0.4618394736118565,1.8730871242998068,1.1463342665827574
61,0.4543975192928973,1.1267548209832676,-0.172395856054679,1.769482986247053,[1.6378257],0.461530588424084,1.8951681251674328,1.1450277216890834
62,0.45442607614231006,1.1251968460609147,-0.17249050208650318,1.7670288340372873,[1.671125],0.461578465041581,1.8889658905548474,1.1435760238716768
63,0.4543993100152012,1.1234416894669454,-0.1733573167468514,1.759313815083505,[1.6317921],0.46158099975745936,1.8878307121967968,1.142168487018921
64,0.45431352644237244,1.1215922467277535,-0.17353242722052578,1.747178616795183,[1.602141],0.4615047068617897,1.8910215940772614,1.1407834055202128
65,0.45442019055085314,1.1201358516805777,-0.1730471382125849,1.7511448469887512,[1.6349771],0.46162795471351015,1.8776522376681029,1.1390895177532099
66,0.4541935227276934,1.1178882825720051,-0.17296461112685335,1.7268926606341817,[1.5823538],0.46139187302866264,1.8919298286294575,1.1377539677267356
67,0.45477110070944216,1.1183647734395616,-0.17128768373407105,1.7705234912531413,[1.6215785],0.46201044104363387,1.8386766112847504,1.13589548642818
68,0.4547472759695786,1.1164678448931906,-0.17112207637390048,1.7629733015166327,[1.5967909],0.4619978194533154,1.8360872778564121,1.1341981906523613
69,0.45440491931281907,1.1129967641952907,-0.17151290981989747,1.7283036350616938,[1.5686272],0.4616463015369651,1.860128940898771,1.1323556524299732
70,0.45477627719430985,1.1129893421671289,-0.1711973651448979,1.753458497645768,[1.6125504],0.46206848162349323,1.8248638481731199,1.1308185224026577
71,0.4541693163730331,1.1085484858095562,-0.17271967683633627,1.6955872025627956,[1.5769426],0.4614477627752103,1.8710980196924232,1.1292834559018587
72,0.4544732264629754,1.1075699362469797,-0.17194575072051457,1.7152486736119268,[1.5623431],0.46178608621373735,1.8408898672498706,1.1270379435442817
73,0.45436062402084254,1.10511342736987,-0.1727451565612539,1.6988432720401547,[1.5608606],0.46169607379840527,1.8458840705742383,1.1253493573586493
74,0.45500234858624583,1.1071445992098419,-0.1703839959641175,1.7477495000833607,[1.5825768],0.4623768315515807,1.7866040667020737,1.1241967764073277
75,0.4544384934833499,1.1013372534991945,-0.1717262618244034,1.692601164548407,[1.5368205],0.4618016069144296,1.8285647274912176,1.1213327217669478
76,0.4543757800250697,1.098891563382372,-0.1712468049489185,1.6805120431179168,[1.5713962],0.46174392155476024,1.8279505624480121,1.1193462049414773
77,0.4543012867381958,1.0963659313448573,-0.17072282380563364,1.6672842331589357,[1.5287746],0.46167311322643106,1.8281426943355088,1.117361914255306
78,0.4545034672951011,1.0951099990676407,-0.16968624439346233,1.6775319088500973,[1.5228201],0.46189690161777636,1.8054888257259845,1.1149576367387728
79,0.4549314775440271,1.0960406717229443,-0.16740099233915942,1.707708713849169,[1.5149512],0.46234396138352407,1.7630865375614468,1.1136963944073264
80,0.454495443448512,1.090533797662343,-0.16845635963446517,1.6622614115816836,[1.5335217],0.46190750981903106,1.794084345951135,1.110604288159101
81,0.4544808904394955,1.0881822873597742,-0.1672030187191396,1.6540561640335776,[1.5310639],0.4618893115610531,1.7885184885351886,1.108347891334397
82,0.45438858026689605,1.0853408521639936,-0.16641090246752555,1.6385107456127415,[1.5137619],0.4617946846731862,1.789681622711465,1.1060771036021044
83,0.45467417198033533,1.084705813302931,-0.1649166906386464,1.6553858210987542,[1.5219616],0.46210335884979153,1.7595708772334393,1.1040926519161234
84,0.45475262713261794,1.0827416577845788,-0.16455305460541006,1.6530701390445164,[1.5175164],0.46220693963810017,1.74700064357737,1.10180138995341
85,0.45487965129329827,1.0812277171676046,-0.1632963682135828,1.6556367419825515,[1.5033667],0.4623477387169008,1.7293789898515355,1.0996468190651587
86,0.45415916988734073,1.073774339792863,-0.16393700911882375,1.5841629595281572,[1.50425],0.4615932117049407,1.7815420015054824,1.096303149769253
87,0.45452588577270253,1.0732296520731124,-0.16208929552119067,1.6078168060955735,[1.5026829],0.4619849895053905,1.7444870453114714,1.093833428233799
88,0.45457742205972396,1.0708007051129316,-0.16108299998916487,1.6030449907500945,[1.4679029],0.46204941806717004,1.7328250101786122,1.091265606385485
89,0.4545687987190313,1.067910481895051,-0.1603464117220638,1.5926990670278973,[1.4617553],0.4620535156798286,1.7262786446889038,1.088545658976962
90,0.4548108559261407,1.0669698325981403,-0.1588959582944944,1.6040769289900394,[1.4748229],0.46232005927603964,1.698673319257316,1.0863836331354912
91,0.4547969219541341,1.0638178914979008,-0.1578802822689363,1.592623639999861,[1.4784969],0.46231477067472226,1.691873116422001,1.083451743971402
92,0.4546384844736102,1.0594753708394273,-0.15621878166386755,1.569165831969184,[1.4473227],0.4621365636210049,1.6960753254637235,1.079964955229987
93,0.45483919507295706,1.058388295701277,-0.15425532537057135,1.577543843641528,[1.4412178],0.46234610151892436,1.6720668185767535,1.0778732460541485
94,0.4541774338858098,1.0501335961848912,-0.15486133229456325,1.508114905255588,[1.444174],0.46166288628131463,1.7174758156090757,1.073388839891179
95,0.45474635334159713,1.051228725734081,-0.1511948831307545,1.5485853510117402,[1.442287],0.46224546024955754,1.6626701078007078,1.0713710987426202
96,0.45463452444892677,1.0468729776587375,-0.14970443456094157,1.5275400395935443,[1.4315581],0.46212546231751017,1.6628404259709617,1.067698792844055
97,0.4543967250098648,1.0416270558901788,-0.1481623326221254,1.4956752574416383,[1.4148602],0.46186547110211845,1.6730972350852733,1.0637764061565465
98,0.4546172893590857,1.0402347749000982,-0.14523256887422903,1.50490224866378,[1.394875],0.4620801436456937,1.6464481612866182,1.061176024589224
99,0.4543488259711273,1.034542917947069,-0.14429715082030184,1.4694047205902043,[1.389226],0.46179854248941893,1.6594461341574185,1.057117423756376
100,0.4542326381167185,1.0302541354624664,-0.14199083399307605,1.447624223852951,[1.3828233],0.4616579165042698,1.6590305269014176,1.0534130718713337
101,0.45439307383987093,1.0276959993474069,-0.13975712509893073,1.4494033202995456,[1.3787259],0.4618253476021163,1.6367570590453528,1.0501088731025014
102,0.45458689182356093,1.0257991521932488,-0.13636077357449833,1.4551168155941017,[1.3806325],0.4620059522074348,1.611327170469428,1.0470912779030264
103,0.4541907054213606,1.018809723997341,-0.13470771145407598,1.407114797733909,[1.3662969],0.4615672930494933,1.6331717679835132,1.0422704562027028
104,0.4544971500881612,1.0176999097142119,-0.13101715652010426,1.423032700808166,[1.3704681],0.4618668949475511,1.599221299103621,1.0395030537422079
105,0.45456540666713596,1.0143271664667701,-0.12858954399189798,1.4159744125726812,[1.3591079],0.4619293309974715,1.583951906811646,1.0358860853072998
106,0.4546632755840966,1.0111336162102345,-0.12600437942818835,1.4111017945191693,[1.3509343],0.4620219362128717,1.5660952365942316,1.0323887006219825
107,0.45468161119501294,1.0071685127310472,-0.12354448418446022,1.3991545530798066,[1.3422443],0.4620273463220422,1.5545649456833228,1.0285104770029831
108,0.4547418583405238,1.0037885234172688,-0.12073958505808102,1.3910060470592023,[1.3319914],0.4620725556000018,1.5397954740119295,1.024953360781764
109,0.4543804302599613,0.9957785958032609,-0.1188930680546875,1.3448541712717696,[1.3333238],0.46166535241256873,1.5573226702148464,1.0186507973468308
110,0.45437128048356273,0.9915100422207394,-0.11533913540590163,1.3310625812152073,[1.3291423],0.46161598230366346,1.5473283873654857,1.014382562428744
111,0.45418690072011875,0.985809639284366,-0.11253625597400144,1.3070351072670494,[1.3020087],0.4613955454926715,1.5501191731851005,1.0093300689885123
112,0.4545554647718369,0.9843780248118287,-0.10920330575215233,1.318849856258863,[1.3252426],0.4617752908268676,1.5113976799188036,1.0067787398717432
113,0.45441441848149533,0.9785774274650941,-0.10612218280235731,1.2929186365662484,[1.291846],0.4615994888314706,1.5108478155450489,1.001565446188875
114,0.4543626022837375,0.9736423288772305,-0.10216962405529253,1.2747328405010376,[1.2676699],0.46150423804527724,1.5032566648673562,0.9967806754742645
115,0.45455633427759484,0.971286784703707,-0.0981466442601561,1.2780916598759935,[1.2699246],0.4616746851121592,1.4781034236088693,0.9937336603811162
116,0.45399080810925807,0.9619630804118673,-0.09539495082375736,1.266431281760775,[1.272365],0.46104384982554475,1.5079782282147693,0.986299704033132
117,0.4549979404970331,0.9682131649507781,-0.09045084268416095,1.2864700853553521,[1.2696593],0.46208983042899465,1.4228570649970482,0.9888703251892669
118,0.4541561773980809,0.9529485952275908,-0.08714039049958101,1.2333287211624921,[1.2654513],0.46114335343747426,1.4719648591904,0.9768338526604299
119,0.45439646355812996,0.9502030767758355,-0.08279122767856839,1.218045042958866,[1.233447],0.46135983816611803,1.4431090642115971,0.9734377629550613
120,0.45426357993987143,0.9437691121636589,-0.07868471243677558,1.2049175520185922,[1.2323444],0.4611669281970536,1.4409271595265918,0.9673622097277886
121,0.4544429849300289,0.9407585744510207,-0.07362290858575654,1.2034622181913246,[1.1957271],0.4612985323444617,1.4168332250333115,0.9637329939221015
122,0.4545291781186914,0.9368487602713003,-0.0692455386841912,1.1998735574826807,[1.2169315],0.4613386662938573,1.3995452138990947,0.9593954301861654
123,0.4543647107350753,0.9299868231730315,-0.0638807590311743,1.1803113059035566,[1.1949284],0.46106660155384044,1.4005863024428136,0.9529016225621595
124,0.4546312106267221,0.9286006746048981,-0.061188793006958786,1.1874391763955106,[1.1965778],0.46130372061988234,1.3707394800583574,0.9503352360109258
125,0.45468230715643415,0.9248228309131984,-0.05808347681221945,1.181328655586947,[1.201882],0.4612814553030054,1.356846956918444,0.9460118283285026
126,0.4542521385719739,0.914010283867792,-0.05533557460872812,1.1496206497147154,[1.1696427],0.4607142551188308,1.3767033741378305,0.9366196998644302
127,0.4542017136289179,0.9086055182317803,-0.052483954339497124,1.1439772448495398,[1.1690139],0.46057744670208706,1.3700386946263845,0.931039198200032
128,0.45406851490980915,0.9021667078747435,-0.04976156661245293,1.1427947045625193,[1.1404705],0.46034719607414787,1.3687751313143828,0.9246474424672261
129,0.45455067769948415,0.9024042541435829,-0.0474343533695811,1.1354317675327001,[1.1532196],0.46084861152000006,1.3242678661315619,0.9235071944312332
130,0.45425656516703,0.8928571700366409,-0.044808608632822544,1.1104540779724643,[1.1572254],0.4604310228509077,1.3334425489647712,0.9146856993505178
131,0.4542502374469786,0.8870093026085949,-0.04200865960242864,1.1004439837214837,[1.1309509],0.4603469866947125,1.3224902780562537,0.9086368494313323
132,0.45482624843409075,0.8909386756599169,-0.03937319060497427,1.1203912662902829,[1.1132019],0.46095422224571025,1.2724747078887528,0.9096507646490732
133,0.4550178392039982,0.8898996222370602,-0.03623564641471552,1.1214290430225724,[1.1115617],0.46109267322649033,1.249481135319559,0.9073900843392245
134,0.4546190859287201,0.8762578304293018,-0.0334662872216282,1.0875918269545366,[1.1097107],0.46054028054524077,1.2663279485614494,0.8956620261275495
135,0.4544312972040971,0.8679132409329451,-0.030298650218001183,1.0662413478552746,[1.1030205],0.4602221177375741,1.268844410581854,0.8878287076788673
136,0.45468597341547307,0.8663535023702673,-0.027965710024139584,1.0708773831737421,[1.0797772],0.4604577131365892,1.241472019555932,0.8849377351383428
137,0.45462078809178924,0.8596704705571173,-0.025196036956519202,1.0563584118934901,[1.0748069],0.4602888843875481,1.2361132710430236,0.8782170541576023
138,0.4548283773756914,0.8577654261260328,-0.02292833525264462,1.058096360286205,[1.0651388],0.4604690333290556,1.212458896835639,0.8753527302791383
139,0.4546765781401719,0.8491387329281399,-0.02011568882293549,1.0383937926146318,[1.0573423],0.4601910007276707,1.2128955926030027,0.8672265956427349
140,0.4548978864641372,0.8477890638862013,-0.01782306205510864,1.041300418894215,[1.043795],0.46038787255251,1.1891699629030965,0.8647848605002502
141,0.4543915310531314,0.8341657146114566,-0.014395800964584787,1.0033384807109973,[1.0309078],0.45965912775091394,1.2129026733496109,0.8525184672629668
142,0.45457129598076323,0.8309460913320664,-0.011814278963709818,1.0071459666677425,[1.025764],0.45979457833507326,1.1920439150330884,0.8487820393054294
143,0.45436596146405395,0.8232615793951998,-0.008949832314556844,0.9874863787907365,[1.0447712],0.4594437575818961,1.1965845628465104,0.8412278449991868
144,0.4549979391690168,0.8265158338217892,-0.008205760747480528,1.0181226039667333,[1.0377853],0.46018799223885476,1.1465829196076118,0.8430434261629223
145,0.4543486174040132,0.8126391740114937,-0.00504688600187278,0.9703895376600613,[1.0205894],0.45925962780833074,1.179592153300956,0.8298539038620006
146,0.4549121278146732,0.8138261910372185,-0.00409758527404111,0.9967866264424095,[0.99144006],0.45991555745265816,1.134854986484167,0.8301494185270463
147,0.4549642494431889,0.8088327287446393,-0.0021483559114480466,0.9908321823746244,[0.99456584],0.45988799258662094,1.122693479685533,0.8246069821140971
148,0.45493383884358674,0.8029952467226681,0.0003309353498579526,0.980616099827287,[0.98798907],0.45973538821798626,1.1167608621505245,0.8183406713499479
149,0.4550236927767596,0.7994599756512154,0.0024499400408068694,0.978049072577711,[0.9800272],0.4597519715815695,1.1041495898417168,0.8143470652171826
150,0.45482713655961216,0.7915180675624869,0.004743651049234021,0.956631672477981,[0.979611],0.4593797835005124,1.1087947643113911,0.8060320739628594
151,0.45527754721765534,0.793271886429348,0.005025596752564088,0.976256859533406,[0.9761356],0.4599144670656746,1.0738379745820046,0.8072595574340852
152,0.454699464377574,0.7806067008442651,0.007595449134286891,0.9355176731008813,[0.9610598],0.4590013877856829,1.1024668403774176,0.79507853656531
153,0.4545567020397689,0.7751553716400733,0.00894051149710598,0.9264341766303831,[0.9517843],0.4587123855994439,1.103433834889723,0.7902768589420777
154,0.4552317004849242,0.7773041058213674,0.009308322154852305,0.9492539536492136,[0.95776385],0.45953659418805004,1.0555025377614178,0.7901607156412593
155,0.45487427732439767,0.7687980835375481,0.012256972788571241,0.925789528116947,[0.93597776],0.45891806874500707,1.06971330912029,0.7825033605822453
156,0.45533439128788145,0.7704996602291944,0.011934247319100894,0.943378260234817,[0.9552967],0.4594859125265954,1.0361477698422363,0.7830507869708437
157,0.4546946394731135,0.7607021234944216,0.014898816898469364,0.9334050616559522,[0.9366397],0.4584725362001326,1.06666570718914,0.7748310930801648
158,0.4546918383230978,0.7569232452060153,0.016992919898901976,0.934478063457749,[0.93191695],0.45834265899273136,1.0593582335480662,0.7709331988452459
159,0.4546651319396648,0.7535798537982025,0.019465271871891343,0.9337956115563701,[0.92673033],0.45818295879152815,1.0543802943853597,0.7674991596524066
160,0.4547794891452072,0.7507679926591239,0.02039359030669552,0.9339678341727924,[0.90836906],0.4582422638962827,1.0408164030523057,0.7643714897790228
161,0.45425431998517934,0.7479220146739561,0.02359582623394535,0.9500667484119852,[0.93243],0.4573488280204538,1.0629696853391528,0.762023262521393
162,0.45515942652118235,0.7467018610371042,0.02358577911101517,0.9234280890122557,[0.9188578],0.458543053020538,1.006494735834453,0.7590314495429172
163,0.45515281181855266,0.7442673740848419,0.02487980453263952,0.9255152494845508,[0.93767935],0.4584430627745369,1.0004279404298995,0.7566428438236485
164,0.4548207252846976,0.7387320508733437,0.027630916291878194,0.9366250219690245,[0.9269177],0.45783413381821186,1.0109268313178634,0.751541528775758
165,0.4553265286839193,0.7408061375324855,0.027895533846880927,0.9214238837525421,[0.9124445],0.45851235499985693,0.981654712597066,0.7529734606361762
166,0.4546115604726018,0.7328161686039573,0.031830086178529254,0.942687561885123,[0.91781634],0.45731956831649834,1.009421941948574,0.7457947406829887
167,0.4543838897503898,0.7307565068503261,0.03436316788908292,0.948949219759222,[0.91391253],0.45689727722098483,1.0145142292538223,0.7441626063675792
168,0.45460926598508467,0.7281303283472039,0.03568623628072756,0.9411869490002408,[0.9082439],0.45712640073376903,0.99726148545707,0.74101148948784
169,0.4547229323249551,0.7262365099142393,0.03767257148501943,0.935802167385454,[0.89324534],0.4571912712635371,0.9860557919760193,0.738782622059326
170,0.45508302404507206,0.725487057511633,0.038925920021039256,0.9221709459877259,[0.89134693],0.45759865283007867,0.963284806159201,0.7377794583161179
171,0.45494104844440897,0.7221286580150341,0.041124220716815374,0.9260011368163673,[0.8789641],0.4572553642505332,0.9664652730227861,0.7344703881781582
172,0.45497539713104773,0.7189583880243593,0.04372513682043255,0.9218162300669241,[0.89853173],0.45713080750823964,0.96189011297158,0.7312644676751959
173,0.4549897396702306,0.7184669298658384,0.04450426673105082,0.9244223845708545,[0.89071137],0.4571248478635437,0.9546307433212977,0.7311411004944692
174,0.4544615557620415,0.7163151902861858,0.04798340295022338,0.9407037112024901,[0.90071124],0.4562643524216686,0.9765909035350799,0.7305220573607006
175,0.45468294594750114,0.7141669225269499,0.04950514899801506,0.9313592713225995,[0.89863515],0.45648928723486815,0.9617155141144442,0.7278380132597633
176,0.4550836888311246,0.7146075250920572,0.04963141395614837,0.9199964176669735,[0.88750845],0.457030851016876,0.9368554466000889,0.7279495151251163
177,0.4547190433721437,0.7114114840656873,0.05281595760274688,0.9304477268264364,[0.8776294],0.4564039741988822,0.9510445895017514,0.7253604273612778
178,0.45499863492394227,0.7113573456524093,0.05354561961851645,0.9202521284540497,[0.8706858],0.4567843342226844,0.9333022943573606,0.7251283328289179
179,0.454651177125149,0.7073176368870842,0.057131522160570214,0.9281128744869718,[0.891955],0.45607319927386825,0.9478031564047731,0.7216609065606918
180,0.45530153711100046,0.7088303103776363,0.05710054759161515,0.9043624578928147,[0.88759285],0.4569777647307618,0.9137459283487326,0.7224272461016251
181,0.4552705804665831,0.7086403017282321,0.05784233309432715,0.9083843019858768,[0.89010745],0.45694903955046823,0.9170282531858881,0.7225763733005925
182,0.45509408375923055,0.7054701940753593,0.060492930595025446,0.9113866286840423,[0.8762676],0.45660625047152964,0.9140252506373874,0.7196961841253108
183,0.45482181597820937,0.7034144936725824,0.0624796105773604,0.9205700272116076,[0.87613475],0.45619268335673807,0.9214421387175151,0.7178635252861035
184,0.4546847942008573,0.7025540205257548,0.0635919287917171,0.9266100869579845,[0.87711895],0.4559835893839348,0.9224538957143418,0.7172830579930828
185,0.45494725811349723,0.7010578033541341,0.06574107073878402,0.9117350549594443,[0.87397254],0.4562048297946012,0.9097334436007762,0.7156128606419239
186,0.4546223355535183,0.6987788639961735,0.06919454954453583,0.9165648766743266,[0.86301845],0.4556491624759925,0.9229932418002038,0.713811703319043
187,0.454551553883802,0.6970481028486836,0.0717441524645699,0.9127312184640917,[0.857594],0.45541309089049853,0.9252955313652409,0.7120832529358543
188,0.4552446833286543,0.6978612990235945,0.0711600160220697,0.8913878403466085,[0.8844903],0.4563082834803193,0.8898138102222104,0.7122929075991223
189,0.4549998413099007,0.6945796546712971,0.07274841735554005,0.8962709072101727,[0.8646826],0.45586224846554807,0.89860292687254,0.7092919273154
190,0.454888591557287,0.6948909409663533,0.07253187813210285,0.9021985308186109,[0.8623696],0.45579791093356015,0.8978297277997092,0.7097280371281635
191,0.4545911000511951,0.6928035568362739,0.07393464547750335,0.9097800632256305,[0.86883056],0.4553084417080105,0.9079613875847072,0.7081206782185072
192,0.45503626376202433,0.6917460367302588,0.07505004413245386,0.8889798969601646,[0.8798528],0.4557623871872691,0.8875420545697672,0.7064658404004404
193,0.45455841575879524,0.6905602105082674,0.07586057346950052,0.9036206964730469,[0.8602748],0.45514595272638325,0.9043775579770355,0.7057292588386681
194,0.45463996159424663,0.6898594235046813,0.07629810492834811,0.8992096615047703,[0.8641449],0.4552333347415848,0.8980759906932105,0.7050326780457854
195,0.4552223766659771,0.6917935001334158,0.07616888336991486,0.8803587539747728,[0.8665187],0.4559552925026689,0.8697794310033613,0.7070252854160235
196,0.4546561575635448,0.6868592726540345,0.07823142530667139,0.8976749892390921,[0.8694426],0.4550418142096405,0.8916197598559839,0.7021365924684346
197,0.45495770035133387,0.685724246837333,0.07929031367075037,0.8836735954434392,[0.87046385],0.455306958109505,0.8776341151697613,0.7008406363402667
198,0.4541325613962792,0.6863026232291634,0.08002464642764225,0.9099271263800368,[0.84804356],0.454312261890712,0.908321890144725,0.7024761682134489
199,0.45557216228059016,0.6931494220101819,0.07837441798895303,0.8645072483521684,[0.8597773],0.4562519928053231,0.8638292573831122,0.7084125236720976
200,0.455350787625106,0.6895428221064513,0.0795651606456397,0.8659818930193153,[0.86535704],0.455893786209829,0.8518181691638005,0.7049372764220085
